"Timestamp","What is your email for sending the gift card?","How fun is the game?","What makes the game fun?","What was worst about the gameplay?","How was the gameplay?","Do the Modes need to be improved?","What don't you like about the game?","Would you play the game consistently if the game created a personal digital signature, useable across AI applications for personalizing AI?","When you explore the application what seems useless?","What features could be improved?","If this could help you with AI, would you use it more?","What would make you subscribe for $4.99/year?","What would you like to improve about your relationship with AI?","When you explore the application, which features seem fun?"
"2025/10/14 4:14:10 AM EST","skylerbaron43@gmail.com","5","Solving Puzzles","Maze Structure/Type","5","Yes, make all data modes have all working mazes","Dashboard","Yes","Integration","Dashboard","5","Better AI","More in-depth knowledge ","Backgrounds"
"2025/10/14 4:18:57 AM EST","zoeygeorge112@gmail.com","5","Solving Puzzles","Maze Structure/Type","4","Yes, better variability in levels","AI","Yes","Modes","Gameplay - Visualization","5","Better Modes","Detailed information ","Backgrounds"
"2025/10/14 4:23:13 AM EST","preciousamechi212@gmail.com","5","Swiping The Mazes","Maze Structure/Type","5","No, all the different data is fun","Account Setup","Yes","Parameters","Gameplay - Swiping","5","Better Gameplay, Maze Swiping","Background ","Metrics"
"2025/10/14 4:29:01 AM EST","Bowenmicheal98@gmail.com","4","Solving Puzzles","Swiping","4","Yes, better variability in levels","Account Setup","Yes","Dashboard","Dashboard","4","Better Dashboard","To improve my relationship with AI, I'd like to see more features that promote self-reflection and mindfulness, like the app. Maybe AI tools that help me track my emotions and thoughts, offering personalized advice on managing stress and staying focused. That would be really helpful.","Modes"
"2025/10/23 6:52:40 PM EST","No need🙂","3","Swiping The Mazes","Swiping","3","Yes, make all data modes have all working mazes","Gameplay","No","Parameters","Gameplay - Swiping","1","Better Modes","","Metrics"
"2025/10/25 5:43:03 PM EST","No giftcard is needed :)","3","Forgetting Sense of Time and Space","1) I can't control the ball, it seems to move on its own, 2) It would be helpful to have more instruction on what solving the puzzle looks like","3","Yes, make each data modes needs to be there for a playable reason","I was happy to see the instructions but think they need to be expanded to include the game's objective. Also, the detail is incredible but I think people need a physics or math background to undertand it. May there could be a simpler version (that applies to my ""no"" response to the AI question, below)","No","I think the layout could be improved, i.e., on my phone the Dashboard tab sits on top of the Maze. Also, it would be helpful to add a help prompt to explain what Length, Cycles, Degree, etc. mean","Maybe the swiping could be more responsive to the finger's pressure? I think the backgrounds are really cool!","1","Perhaps clean up the user interface and add instructions?","I like AI and use it a lot. Increasing the AI capabilities relative to the Maze could turn off non-techy people but maybe appeal more to the techy ones?","Backgrounds"
"2025/11/02 3:41:18 PM EST","Dizio@brandeis.edu","3","Solving Puzzles","Swiping","3","No, all the different data is fun","Swiping is difficult to figute out","No","Dashboard","Gameplay - Swiping","4","Better Gameplay, Maze Swiping","Not sure","Metrics"