"Timestamp","What is your email for sending the gift card?","How fun is the game?","What makes the game fun?","How was the gameplay?","Do the Modes need to be improved?","What don't you like about the game?","Would you play the game consistently if the game created a personal digital signature, useable across AI applications for personalizing AI?","When you explore the application what seems useless?","What features could be improved?","If this could help you with AI, would you use it more?","What would make you subscribe for $4.99/year?","What would you like to improve about your relationship with AI?","When you explore the application, which features seem fun?"
"2025/10/14 4:16:32 AM EST","melissaoge737@gmail.com","5","Solving Puzzles","5","No, all fun","Gameplay","Yes","Parameters","Dashboard","5","Better Use with Outside AI Apps","More personalized answers ","Modes"
"2025/10/14 4:21:05 AM EST","preciousamechi212@gmail.com","5","Balancing the Pendulum","5","Yes, better variability in levels","Settings","Yes","Parameters","Gameplay - Balancing","5","Better Gameplay, Pendulum Control","Better pictorial style ","Sounds"
"2025/10/22 4:16:51 PM EST","FordMustang0288@gmail.com","4","Balancing the Pendulum","4","Yes, better variability in levels","The popup visuals, although unique, feel a bit distracting at times","No","Modes, although I can tell a difference I did have a large preference of one gameplay over the other. But just personal preference biased towards that type","Although I said visualization above, with the amount you ask about AI, it isn’t very obvious how AI is at play","1","I have a strong dislike of subscriptions. One time payments, ok, subscriptions no","more accessible for less $","Sounds"
"2025/10/23 6:51:32 PM EST","No need🙂","4","Balancing the Pendulum","4","I wasn’t sure how to play different modes","AI","No","Modes","Gameplay - Visualization","1","Better Gameplay, Pendulum Control","","Metrics"
"2025/10/25 6:41:15 PM EST","No gift card needed :)","4","Balancing the Pendulum","4","I only used the default beginner mode, could not find the progressive mode","I thought this game was fun! I think it could be optimized with more instructions and playing tips..","No","I didn’t see anything the looked useless although I was curious to know how my methodical playing style was determined","Gameplay - Visualization","1","More instructions ","I’m ok with the AI functions I currently use ","Metrics"
"2025/11/02 4:52:35 PM EST","Dizio@brandeis.edu","4","Forgetting Sense of Time and Space","4","Basic, progressive, and random are all fun","Turn off fireworkd before auto restart of pendulum","No","None","None","1","Dont go back to level 1 if fall once","","Parameters"
"2025/11/28 1:03:10 PM EST","jeffmontepare@gmail.com","4","Solving Puzzles","4","No, all fun","Gameplay","No","Not sure","Gameplay - Balancing","2","Maybe music?","I have not used AI yet","Modes"